ID,Title
1,Did Karl Marx Predict Artificial Intelligence 170 Years Ago?
2,How To Start a Career In Artificial Intelligence In 2020? A Step by Step Guide
3,Understanding Genetic Algorithms in the Artificial Intelligence Spectrum
4,Transitioning from Software Engineering to Artificial Intelligence
5,"If you want to learn Data Science, take a few of these statistics classes"
6,"The Difference Between Artificial Intelligence, Machine Learning, and Deep Learning"
7,Mastering the Data Science Interview Loop
8,Artificial Intelligence for Music Videos
9,I Studied 365 Data Visualizations in 2020
10,"How I Eat For Free in NYC Using Python, Automation, Artificial Intelligence, and Instagram"
11,How To Create A Successful Artificial Intelligence Strategy
12,Artificial Intelligence + Blockchain = Passive Income (Forever?)
13,Use Kaggle to start (and guide) your ML/ Data Science journey  Why and How
14,Data Visualization  Which graphs should I use? (Seaborn Examples)
15,"Programming Skills, A Complete Roadmap for Learning Data Science  Part 1"
16,Storytelling with Data: A Data Visualization Guide for Business Professionals
17,Gestalt Principles for Data Visualization
18,Making Annotations First-Class Citizens in Data Visualization
19,Data visualization for color accessibility
20,"Data Science, Machine Learning and Artificial Intelligence for Art"
21,Kepler.GL & Jupyter Notebooks: Geospatial Data Visualization with Ubers opensource Kepler.GL
22,"4 pillars of data visualization: distribution, relationship, composition, comparison"
23,Lesser Known Python Libraries for Data Science
24,Remote Data Science Internships For Everyone [With Certificates]
25,"How To Prepare for Automation? Or, Why We Need More Artificial Intelligence Ecosystems Now!"
26,Mark Cuban on Why You Need to Study Artificial Intelligence or Youll be a Dinosaur in 3 Years
27,Artificial Intelligence Books you should read in 2021
28,How to Data Science without a Degree
29,Complete Guide to Data Visualization with Python
30,How It Feels to Learn Data Science in 2019
31,Why is Data Science Losing Its Charm?
32,7 Data Visualization Types You Should be Using More (and How to Start)
33,How to write a production-level code in Data Science?
34,Why visual literacy is essential to good data visualization
35,I Designed My Own Machine Learning and Artificial Intelligence Degree
36,Artificial Intelligence: Get your users to label your data
37,A full-stack data science project
38,45 Ways to Activate Your Data Science Career
39,5 Quick and Easy Data Visualizations in Python with Code
40,Embodied Learning is Essential to Artificial Intelligence
41,Top 15 Python Libraries for Data Science in 2017
42,Constructing a Career in Data Visualization: The How
43,The World of Data Visualization
44,Types of Artificial Intelligence Learning Models
45,"I ranked every Intro to Data Science course on the internet, based on thousands of data points"
46,Go Programming Language for Artificial Intelligence and Data Science of the 20s
47,A long-term Data Science roadmap which WONT help you become an expert in only several months
48,5 Reasons Why We Should Study and Embrace Artificial Intelligence!
49,Data Visualization for Machine Learning and Data science:
50,How to Learn Data Science for Free
51,Importance of Artificial Intelligence in Dentistry
52,A Closer Look at Three Popular Artificial Intelligence Technologies and How Theyre Used
53,"If you want to learn Data Science, start with one of these programming classes"
54,Artificial Intelligence and the Rise of Economic Inequality
55,8 Rules for optimal use of color in data visualization
56,The Jira mindset is damaging your data science team
57,"The 10 Best AI, Data Science and Machine Learning Podcasts"
58,Accessible Colors for Data Visualization
59,Building Stock Selection into an Artificial Intelligence Framework
60,What no one will tell you about data science job applications
61,What Are Data Visualization Style Guidelines?
62,7 Deadly Sins of Data Visualization
63,Data Science Skills: Web scraping using python
64,"The best Data Science courses on the internet, ranked by your reviews"
65,"Web Scraping, Regular Expressions, and Data Visualization: Doing it all in Python"
66,"Why artificial intelligence needs an open, decentralised platform to serve the world"
67,5 Beginner Friendly Steps to Learn Machine Learning and Data Science with Python
68,9 Distance Measures in Data Science
69,Top 9 Data Science Projects for a Beginner in 2020
70,Do We Need to Dehumanize Artificial Intelligence?
71,The Fastest Way to Learn Data Science
72,How I Used Data Science to Double My Income In One Year
73,What is data visualization for?
74,An overview of every Data Visualization course on the internet
75,Was it Worth Studying a Data Science Masters?
76,How to Choose Colors for Your Data Visualizations
77,M2M Day 90 How I used Artificial Intelligence to automate Tinder
78,The Data Science Behind the Man Who Solved the Market
79,How to Master Data Visualization
80,The Road to Artificial Intelligence
81,Investing in Artificial Intelligence
82,Data visualization with react-vis
83,Top 7 FREE Artificial Intelligence Courses from the Ivy League Universities
84,Beyond Nightingale: Being a Woman in Data Visualization
85,How to convince Venture Capitalists youre an expert in Artificial Intelligence
86,Top 10 Data Science Leaders You Should Follow
87,Artificial Intelligence is More than Just a Technology
88,5 Data Science Projects That Will Get You Hired in 2018
89,Python For Data Science  Advance Guide to Data Visualization with Plotly
90,So your data science project isnt working
91,"Data Visualization with Bokeh in Python, Part I: Getting Started"
92,Data visualization with Plotly
93,Leveraging Artificial Intelligence For Swing Trading Outperformance
94,Ten of the Best Data Visualizations Created In 2020
95,The 7 Kinds of Data Visualization People
96,The 7 Best Data Science and Machine Learning Podcasts
97,Data Science Simplified Part 1: Principles and Process
98,Interactive Geospatial Data Visualization with Geoviews in Python
99,Top 7 Data Science Course Repositories on GitHub
100,A Non-Technical Reading List for Data Science
101,Data Science for Algorithmic Trading
102,Data visualization hacks
103,The 20 Best Examples of Using Artificial Intelligence for Retail Experiences
104,The Simple Yet Practical Data Visualization Codes
105,Is the Purpose of Artificial Intelligence to Sell Sugar Water?
106,Collecting Data Science Cheat Sheets
107,What on earth is data science?
108,The Successful Data Science Job Hunt
109,Data Science
110,Data Visualization
111,The Ultimate Guide to Becoming an Artificial Intelligence Expert
112,Boost your data science skills. Learn linear algebra.
113,An overview of common data visualization mistakes
114,Geographical Data Visualization with Mapbox
115,Pitching Artificial Intelligence to Business People
116,Do you need a graduate degree for data science?
117,How to Transform Boring and Dry Reports with Data Visualization
118,Tutorial on Data Visualization: Weather Data
119,How I Quit My Full-Time Job to Pursue a Freelance Career As a Data Visualization Designer
120,How Artificial Intelligence Is Tracking Sex Traffickers
121,Embracing Cognitive Biases in Artificial Intelligence to Build One Shot Learners
122,Artificial Intelligence Is Humanity's Rorschach Test
123,Data Visualization in Python  Bar Graph in Matplotlib
124,Artificial Intelligence and the Future of Work
125,Hands on Graph Data Visualization
126,Understanding Artificial Intelligence
127,Use Animation to Supercharge Data Visualization
128,Data Science A-Z from Zero to Kaggle Kernels Master
129,"Some Important Data Science Tools that arent Python, R, SQL or Math"
130,Matplotlib  Making data visualization interesting
131,Reinforcement Learning: Artificial Intelligence in Game Playing
132,How to build a data science project from scratch
133,Five Data Science Interview Questions that you must be able to answer
134,How Can Beginners Design Cool Data Visualizations?
135,Geospatial data visualization in Jupyter Notebooks
136,Color palettes and accessibility features for data visualization
137,10 Most Important People in Artificial Intelligence in 2017
138,The Data Science Gap
139,Data Visualization in the Age of Communism
140,Ultimate following list to keep updated in artificial intelligence
141,Data Science is Dead. Long Live Business Science!
142,Python Data Visualization with Matplotlib  Part 1
143,We need more Interactive Data Visualization tools (for the Web) in Python
144,Material design charts and Data visualization encyclopedia
145,Three Popular Clustering Methods and When to Use Each
146,Recent Developments in Artificial Intelligence
147,Five Cool Python Libraries for Data Science
148,Tips for Data Visualization
149,Data Visualization 101: How to Choose a Chart Type
150,Basic Statistics You NEED to Know for Data Science
151,Build the Artificial Intelligence for detecting diabetes using Neural Networks and keras.
152,Top 20 Websites for Machine Learning and Data Science in 2020
153,Stop Using Anaconda for Your Data Science Projects
154,Color Advice for Data Visualization with D3.js
155,A Data Visualization Adventure
156,How To Ace Data Science Interviews: SQL
157,Artificial Intelligence in Supply Chain Management
158,The Cold Start Problem with Artificial Intelligence
159,The Data Science Process: What a data scientist actually does day-to-day
160,15 Stunning Data Visualizations (And What You Can Learn From Them)
161,Its 2019  Make Your Data Visualizations Interactive with Plotly
162,Data Visualization with Python and Seaborn  Part 1: Loading Datasets
163,Data Visualization 101: How to Choose a Python Plotting Library
164,Data Visualization in Python  Histogram in Matplotlib
165,Artificial Intelligence in Retail: A Smashing Tool of Omnichannel
166,How Artificial Intelligence and Blockchain are set to transform the global immigration sector: The case of Migranet
167,The Public Policy Implications of Artificial Intelligence
168,Presenting data visualization to engage your audience
169,6 Data Science Certificates To Level Up Your Career
170,Python Data Visualization with Matplotlib  Part 2
171,Your guide to Data Visualization for Comparison
172,How hackers are finding creative ways to steal gift cards using artificial intelligence.
173,"If Data Visualization is So Hot, Why Are People Leaving?"
174,10 Data Science Tools I Explored in 2018
175,All The Mathematics You Need For Artificial Intelligence
176,Best Data and Big Data Visualization Techniques
177,Why Did Artificial Intelligence Fail in the FIFA World Cup 2018?
178,"Building safe artificial intelligence: specification, robustness, and assurance"
179,Interactive Data Visualization with Vega
180,Mapmaking in the Age of Artificial Intelligence
181,What is the Role of Journalists in Holding Artificial Intelligence Accountable?
182,Strategic Innovation in Data Visualization Will Not Come From Tech
183,Cousins of Artificial Intelligence
184,WTF is Artificial Intelligence?
185,Introducing GEs data visualization framework for IoT
186,"Open-Sourcing Metaflow, a Human-Centric Framework for Data Science"
187,The Next Level of Data Visualization in Python
188,An Ultimate Cheat Sheet for Data Visualization in Pandas
189,A New Cryptocurrency For Coordinating Artificial Intelligence on Numerai
190,A list of artificial intelligence tools you can use today  for personal use (1/3)
191,How To Apply Gestalt Psychology Principles in Data Visualization
192,How to Build a Data Science Portfolio Website
193,The Two Paths from Natural Language Processing to Artificial Intelligence
194,Top 16 Types of Chart in Data Visualization
195,"Artificial Intelligence, UX & The Future of Findability"
196,Natural Stupidity is more Dangerous than Artificial Intelligence
197,Data Science Curriculum
198,What Board Games Teach Us About Data Visualization
199,17 types of similarity and dissimilarity measures used in data science.
200,Top data visualization examples and dashboard designs
201,"In Defense of Simplicity, A Data Visualization Journey"
202,Getting into data visualization  where should I start?
203,Data Science Minimum: 10 Essential Skills You Need to Know to Start Doing Data Science
204,The Ultimate Data Science Prerequisite Learning List
205,Google leads in the race to dominate artificial intelligence
206,"Data Visualization, Fast and Slow"
207,Understanding How Artificial Intelligence Can Make Blockchain Safer and Smarter
208,My Self-Created Artificial Intelligence Masters Degree
209,Introduction to Numpy -1 : An absolute beginners guide to Machine Learning and Data science.
210,Personalized push notifications enabled by artificial intelligence
211,Data Visualization Cheat Sheet with Seaborn and Matplotlib
212,The Map of Artificial Intelligence (2020)
213,How Facebook Scales Artificial Intelligence & Machine Learning
214,7 Must-Haves in your Data Science CV
215,Artificial Intelligence and Consciousness
216,A Practical Guide for Data Visualization
217,The Best Free Data Science eBooks
218,Artificial Intelligence Books you should read in 2020
219,14 Data Science Projects to do During Your 14 Day Quarantine
220,5 Key Questions to Consider before Investing in Artificial Intelligence
221,The Best book to Start your Data Science Journey
222,3 Common Mistakes in Data Visualization
223,The Best Data Science Certification Youve Never Heard Of
224,How to Create Brand Colors for Data Visualization Style Guidelines
225,The Architecture of a Data Visualization
226,Artificial intelligence is guiding venture capital to start-ups
227,A Technical Look at How Criminals Use AI
228,Why you shouldnt be a data science generalist
229,Beautiful Data Science Presentations
230,Bayes Theorem: The Holy Grail of Data Science
231,Full Stack Data Science: The Next Gen of Data Scientists Cohort
232,How to Create an Amazing Data Science Portfolio
233,Data Science vs. Artificial Intelligence vs. Machine Learning vs. Deep Learning
234,Human-Centered Artificial Intelligence
235,Data Visualization  Best Practices and Foundations
236,10 Statistical Concepts You Should Know For Data Science Interviews
237,Bitcoin Data Science (Pt. 1): HODL Waves
238,An Introduction to Geographical Data Visualization
239,Artificial Intelligence in the UK: Landscape and learnings from 226 startups
240,Best JavaScript Data Visualization Libraries for 2020
241,Artificial Intelligence Verticals (I): Insurance
242,Top Python Libraries Used In Data Science
243,"Top 20 free Data Science, ML and AI MOOCs on the Internet"
244,Which Career is Better: A Data Scientist or an Artificial Intelligence Engineer
245,The race is on for artificial intelligence. Heres who is winning.
246,Designing for Data Visualization
247,How BBC data journalists use R for data visualization
248,Artificial Intelligence  The Revolution Hasnt Happened Yet
249,Tiny Data Visualizations
250,Fighting Cancer with Artificial Intelligence: Part 0  Deep Learning
251,Essential Math for Data Science
252,Interactive Data Visualization In Python with Pygal
253,Artificial Intelligence: The Impact on Employment and the Workforce
254,Jupyter Notebook Tricks for Data Science that Enhance your efficiency
255,Data Science with Python: Intro to Data Visualization with Matplotlib
256,Artificial Intelligence for Inventory Management.
257,9 Data Visualization Tools That You Cannot Miss in 2019
258,Compilation of free resources to get started with Artificial Intelligence quickly
259,11 best Data Science classes if youre locked home because of Coronavirus
260,Semantics  What does data science reveal about Clinton and Trump ?
261,2019 Was the Year Data Visualization Hit the Mainstream
262,"Data Visualization with Bokeh in Python, Part II: Interactions"
263,Write for Towards Data Science
264,Top 10 roles in AI and data science
265,What 70% of Data Science Learners Do Wrong
266,Designing a Data Visualization Dashboard Like It was a Game
267,Topic Modeling and Data Visualization with Python/Flask
268,Data Visualization using Matplotlib
269,Creepiest Stories in Artificial Intelligence Development
270,Mathematics for Data Science
271,Artificial Intelligence Will Make Us All an Entrepreneur
272,Handy Data Visualization Functions in matplotlib & Seaborn to Speed Up Your EDA
273,A Comparative Analysis of Top 6 BI and Data Visualization Tools in 2018
274,How to write with artificial intelligence
275,Plotting with Pandas: An Introduction to Data Visualization
276,Top 26 Data Science YouTube Channels you should subscribe to in 2020 [Updated
277,Artificial Intelligence (AI): Salaries Heading Skyward
278,Review: Artificial Intelligence in 2018
279,How much Math do you really need in Data Science?
280,How I Learned Data Science And the 1 Course That Changed Everything
281,Data science concepts you need to know! Part 1
282,Data science you need to know! A/B testing
283,Artificial Intelligence Could Disrupt the Live Music Space
284,Python for Data Science: 8 Concepts You May Have Forgotten
285,Choosing the Right Tools for Data Visualization
286,Heuristic Search in Artificial Intelligence  Python
287,"Downloadable: Cheat Sheets for AI, Neural Networks, Machine Learning, Deep Learning & Data Science PDF"
288,"Data Visualization for Artificial Intelligence, and Vice Versa"
289,Five books every data scientist should read that are not about data science
290,The Top 5 Data Science Certifications
291,Data Science is Boring
292,A list of artificial intelligence tools you can use today  for businesses (2/3)
293,How Operations Research and Artificial Intelligence Overlap
294,6 Types of Artificial Intelligence Environments
295,Is Data Visualization the Next Design Challenge?
296,How Artificial Intelligence can Improve Health and Productivity?
297,Data Visualization in Python: Advanced Functionality in Seaborn
298,Can Artificial Intelligence Be Conscious?
299,"Artificial Intelligence, Machine Learning,  Deep Learning ?"
300,Data Science Made Easy: Interactive Data Visualization using Orange
301,Choosing Fonts for your Data Visualization
302,3rd Wave Data Visualization
303,Data Visualization Libraries for React Developers in 2020
304,A Collection of Advanced Data Visualization in Matplotlib and Seaborn
305,What French Bread Teaches Us About Artificial Intelligence (AI) And Machine Learning (ML)
306,What Video Games Have to Teach Us About Data Visualization
307,There is No Escape from Blockchains and Artificial Intelligence Lawyers Better Be Prepared!
308,What You Should Do in a World of Artificial Intelligence (and No Privacy)
309,"Color in Data Visualization: Less How, More Why"
310,3 Examples to Show Python Altair is More Than a Data Visualization Library
311,10 Free Data Visualization Tools
312,Introducing Semiotic for Data Visualization
313,The Top 3 Books to Get Started with Data Science Right Now
314,Data Sciences Most Misunderstood Hero
315,Animating Your Data Visualizations Like a Boss Using R
316,Creating Flutter Application Integrated With Artificial Intelligence
317,The Simpsons meets Data Visualization
318,Data Visualization Society Logo: Behind the scenes
319,How To Create A Thriving Data Visualization Culture
320,Top 7 libraries and packages of the year for Data Science and AI: Python & R
321,How to get your first job in Data Science?
322,A Bill of Rights for the Age of Artificial Intelligence
323,How to Build a Data Science Portfolio
324,How to Know If Artificial Intelligence Is About to Destroy Civilization
325,The Non-Technical Guide to Machine Learning & Artificial Intelligence
326,Ten SQL Concepts You Should Know for Data Science Interviews
327,Artificial intelligence is hard to see
328,Python Basics for Data Science
329,4 More Quick and Easy Data Visualizations in Python with Code
330,5 Resources to Inspire Your Next Data Science Project
331,The State of Artificial Intelligence in Six Visuals
332,Keep your graphs and charts honest by avoiding these common data visualization pitfalls.
333,Artificial Intelligence and You: Demystifying the Technology Landscape
334,Artificial Intelligence 101: Everything You Need to Know To Understand AI
335,How Artificial Intelligence can support blockchain applications like Telcoin
336,I reverse-engineered a $500M Artificial Intelligence company in one week. Heres the full story.
337,Docker for Data Science
338,How Data Visualization was Born
339,16 Examples of Artificial Intelligence (AI) in Your Everyday Life
340,Data Science Books you should read in 2021
341,4 Observations on Animating Your Data Visualizations
342,10 Takeaways from 22 Data Visualization Practitioners at #OpenVisConf
343,655 Frustrations Doing Data Visualization
344,"If I had to start learning Data Science again, how would I do it?"
345,An Ultimate Cheat sheet of Data Visualization with Pythons Seaborn Library
346,Python vs (and) R for Data Science
347,The Seductive Diversion of Solving Bias in Artificial Intelligence
348,How Self-Employed Data Visualization Designers Make a Living
349,A Guide to Decision Trees for Machine Learning and Data Science
350,Top 10 Map Types in Data Visualization
351,Fantasy Football + Artificial Intelligence Cheat Sheet!
352,Going Dutch: How I Used Data Science and Machine Learning to Find an Apartment in Amsterdam  Part I
353,Create impactful data visualizations with these books
354,How to Meet User Expectations for Artificial Intelligence
355,Explainable Artificial Intelligence
356,Top 4 Popular Big Data Visualization Tools
357,Data Visualization: Uncovering the Hidden Layers of Hip Hop Lyrics
358,The Ten Fallacies of Data Science
359,Machine Learning (ML) vs. Artificial Intelligence (AI)  Crucial Differences
360,4 free maths courses to do in quarantine and level up your Data Science skills
361,History Warns of the Deadly Threat to Humanity from Artificial Intelligence
362,How to Construct a Data Science Portfolio from Scratch
363,Anomaly Detection  Another Challenge for Artificial Intelligence
364,A step-by-step guide for creating advanced Python data visualizations with Seaborn / Matplotlib
365,Cool stuff you can do with Artificial Intelligence
366,Automating Trading and Market Making With Artificial Intelligence
367,"Data Visualization with Bokeh in Python, Part III: Making a Complete Dashboard"
368,Rational Agents for Artificial Intelligence
369,The Single Course That Fast-Tracked My Data Science Learning Journey
370,A Data Science for Good Machine Learning Project Walk-Through in Python: Part One
371,Python Genetic Algorithms With Artificial Intelligence
372,Five Interview Questions to Predict a Good Data Scientist
373,Top 7 Trends in Data Visualization Software for 2019
374,What Is an Infographic? And How Is it Different from a Data Visualization?
375,React + D3 : The Macaroni and Cheese of the Data Visualization World
376,How Id Learn Data Science if I Could Start Over (2 years in)
377,8 Must-Know Data Visualizations for Better Data Analysis
378,The future of artificial intelligence  Neuromorphic computing
379,A Data Science Workflow
380,Exploratory Design in Data Visualization
381,"Chart  the most powerful data visualization plugin for Sketch, Figma and Adobe XD"
382,Blockchains for Artificial Intelligence
383,Artificial Intelligence: Do stupid things faster with more energy!
384,Six graphs to understand the state of Artificial Intelligence academic research.
385,Writing Alt Text for Data Visualization
386,How to Remake Historical Data Visualization and Why You Should
387,Quality over quantity: building the perfect data science project
388,Top 30 data science interview questions.
389,"Romance Novels, Generated by Artificial Intelligence"
390,How To Ace Data Science Interviews: Statistics
391,Game Theory in Artificial Intelligence
392,Data visualization with Python and JavaScript
393,A new UX method for building better data visualization products
394,Artificial Intelligence is Great But only as Science Fiction
395,Probability and Statistics for Data Science Part-1
396,Doing Data Science at Twitter
397,How Airbnb Democratizes Data Science With Data University
398,Introduction to Statistics for Data Science
399,Doing enterprise financial data visualization after data journalism
400,The Beginners Guide to Understanding Artificial Intelligence
401,"3 common data science career transitions, and how to make them happen"
